{"$schema":"http://schema.management.azure.com/schemas/2015-01-01/deploymentTemplate.json#","contentVersion":"1.0.0.0","parameters":{"workspaceName":{"type":"string","metadata":"Workspace name","defaultValue":"sintechsynapseworkspace"},"fintechSqlDatabase1":{"type":"string"},"fintechDataLakeStorage1":{"type":"string"}},"variables":{"workspaceId":"[concat('Microsoft.Synapse/workspaces/', parameters('workspaceName'))]"},"resources":[{"name":"[concat(parameters('workspaceName'), '/fintechpipeline')]","type":"Microsoft.Synapse/workspaces/pipelines","apiVersion":"2019-06-01-preview","properties":{"activities":[{"name":"ForEach","type":"ForEach","dependsOn":[{"activity":"GetTablesList","dependencyConditions":["Succeeded"]}],"userProperties":[],"typeProperties":{"items":{"value":"@activity('GetTablesList').output.value","type":"Expression"},"activities":[{"name":"CopytoBronzeLayer","type":"Copy","dependsOn":[],"policy":{"timeout":"0.12:00:00","retry":0,"retryIntervalInSeconds":30,"secureOutput":false,"secureInput":false},"userProperties":[],"typeProperties":{"source":{"type":"AzureSqlSource","sqlReaderQuery":{"value":"@{concat('SELECT * FROM ',item().SchemaName,'.',item().TableName)}","type":"Expression"},"queryTimeout":"02:00:00","partitionOption":"None"},"sink":{"type":"ParquetSink","storeSettings":{"type":"AzureBlobFSWriteSettings"},"formatSettings":{"type":"ParquetWriteSettings"}},"enableStaging":false,"translator":{"type":"TabularTranslator","typeConversion":true,"typeConversionSettings":{"allowDataTruncation":true,"treatBooleanAsNumber":false}}},"inputs":[{"referenceName":"fintechsqldataset","type":"DatasetReference","parameters":{}}],"outputs":[{"referenceName":"fintechdatalakedataset","type":"DatasetReference","parameters":{"tablename":{"value":"@item().TableName","type":"Expression"},"schemaname":{"value":"@item().SchemaName","type":"Expression"}}}]}]}},{"name":"GetTablesList","type":"Lookup","dependsOn":[],"policy":{"timeout":"0.12:00:00","retry":0,"retryIntervalInSeconds":30,"secureOutput":false,"secureInput":false},"userProperties":[],"typeProperties":{"source":{"type":"AzureSqlSource","sqlReaderQuery":"SELECT \n    TABLE_SCHEMA AS SchemaName,\n    TABLE_NAME AS TableName\nFROM \n    INFORMATION_SCHEMA.TABLES\nWHERE \n    TABLE_TYPE = 'BASE TABLE' and TABLE_SCHEMA = 'fintech'\nORDER BY \n    SchemaName, TableName;","queryTimeout":"02:00:00","partitionOption":"None"},"dataset":{"referenceName":"fintechsqldataset","type":"DatasetReference","parameters":{}},"firstRowOnly":false}},{"name":"BronzeToSilverDataProcess","type":"SynapseNotebook","dependsOn":[{"activity":"ForEach","dependencyConditions":["Succeeded"]}],"policy":{"timeout":"0.12:00:00","retry":0,"retryIntervalInSeconds":30,"secureOutput":false,"secureInput":false},"userProperties":[],"typeProperties":{"notebook":{"referenceName":"BronzeToSilverDataProcess","type":"NotebookReference"},"snapshot":true,"sparkPool":{"referenceName":"fintechspark","type":"BigDataPoolReference"},"executorSize":"Small","conf":{},"driverSize":"Small"}},{"name":"SilverToGoldDataProcess","type":"SynapseNotebook","dependsOn":[{"activity":"BronzeToSilverDataProcess","dependencyConditions":["Succeeded"]}],"policy":{"timeout":"0.12:00:00","retry":0,"retryIntervalInSeconds":30,"secureOutput":false,"secureInput":false},"userProperties":[],"typeProperties":{"notebook":{"referenceName":"SilverToGoldDataProcess","type":"NotebookReference"},"snapshot":true,"sparkPool":{"referenceName":"fintechspark","type":"BigDataPoolReference"},"executorSize":"Small","conf":{},"driverSize":"Small"}},{"name":"SuccessNotification","type":"WebActivity","dependsOn":[{"activity":"SilverToGoldDataProcess","dependencyConditions":["Succeeded"]}],"policy":{"timeout":"0.12:00:00","retry":0,"retryIntervalInSeconds":30,"secureOutput":false,"secureInput":false},"userProperties":[],"typeProperties":{"method":"POST","headers":{"Content-Type":"application/json"},"url":"https://prod-16.northcentralus.logic.azure.com:443/workflows/3b0bcb017cb94f1b83e63457c06be73c/triggers/When_a_HTTP_request_is_received/paths/invoke?api-version=2016-10-01&sp=%2Ftriggers%2FWhen_a_HTTP_request_is_received%2Frun&sv=1.0&sig=Z8T676vgD7rE_VOAmKjejiku0ZmnRxu5RUxwC88r0Ig","connectVia":{"referenceName":"AutoResolveIntegrationRuntime","type":"IntegrationRuntimeReference"},"body":{"value":"{\n    \"to\" : \"@{pipeline().parameters.to}\",\n    \"subject\" : \"@{pipeline().parameters.subjectSuccess}\",\n    \"email\" : \"@{pipeline().parameters.emailSuccess}\"\n\n}","type":"Expression"}}},{"name":"FailureNotification","type":"WebActivity","dependsOn":[{"activity":"SilverToGoldDataProcess","dependencyConditions":["Succeeded"]}],"policy":{"timeout":"0.12:00:00","retry":0,"retryIntervalInSeconds":30,"secureOutput":false,"secureInput":false},"userProperties":[],"typeProperties":{"method":"POST","headers":{"Content-Type":"application/json"},"url":"https://prod-16.northcentralus.logic.azure.com:443/workflows/3b0bcb017cb94f1b83e63457c06be73c/triggers/When_a_HTTP_request_is_received/paths/invoke?api-version=2016-10-01&sp=%2Ftriggers%2FWhen_a_HTTP_request_is_received%2Frun&sv=1.0&sig=Z8T676vgD7rE_VOAmKjejiku0ZmnRxu5RUxwC88r0Ig","connectVia":{"referenceName":"AutoResolveIntegrationRuntime","type":"IntegrationRuntimeReference"},"body":{"value":"{\n    \"to\" : \"@{pipeline().parameters.to}\",\n    \"subject\" : \"@{pipeline().parameters.subjectFailed}\",\n    \"email\" : \"@{pipeline().parameters.emailFailed}\"\n\n}","type":"Expression"}}}],"policy":{"elapsedTimeMetric":{}},"parameters":{"to":{"type":"string","defaultValue":"sandeepbondalapatib@gmail.com"},"subjectSuccess":{"type":"string","defaultValue":"Fintech pipeline Ececution - Successed"},"emailSuccess":{"type":"string","defaultValue":"Fintech pipeline Ececution is successfull"},"subjectFailed":{"type":"string","defaultValue":"Fintech pipeline Ececution - Failed"},"emailFailed":{"type":"string","defaultValue":"Fintech pipeline Ececution is failed"}},"annotations":[],"lastPublishTime":"2024-09-07T17:48:45Z"},"dependsOn":["[concat(variables('workspaceId'), '/datasets/fintechsqldataset')]","[concat(variables('workspaceId'), '/notebooks/BronzeToSilverDataProcess')]","[concat(variables('workspaceId'), '/bigDataPools/fintechspark')]","[concat(variables('workspaceId'), '/notebooks/SilverToGoldDataProcess')]","[concat(variables('workspaceId'), '/datasets/fintechdatalakedataset')]"]},{"name":"[concat(parameters('workspaceName'), '/fintechsqldataset')]","type":"Microsoft.Synapse/workspaces/datasets","apiVersion":"2019-06-01-preview","properties":{"linkedServiceName":{"referenceName":"[parameters('fintechSqlDatabase1')]","type":"LinkedServiceReference"},"annotations":[],"type":"AzureSqlTable","schema":[],"typeProperties":{}},"dependsOn":[]},{"name":"[concat(parameters('workspaceName'), '/BronzeToSilverDataProcess')]","type":"Microsoft.Synapse/workspaces/notebooks","apiVersion":"2019-06-01-preview","properties":{"nbformat":4,"nbformat_minor":2,"bigDataPool":{"referenceName":"fintechspark","type":"BigDataPoolReference"},"sessionProperties":{"driverMemory":"28g","driverCores":4,"executorMemory":"28g","executorCores":4,"numExecutors":2,"runAsWorkspaceSystemIdentity":false,"conf":{"spark.dynamicAllocation.enabled":"false","spark.dynamicAllocation.minExecutors":"2","spark.dynamicAllocation.maxExecutors":"2","spark.autotune.trackingId":"ec175990-18ce-4502-a5b2-a8b73ab78aff"}},"metadata":{"saveOutput":true,"enableDebugMode":false,"language_info":{"name":"python"},"a365ComputeOptions":{"id":"/subscriptions/4b624444-eea2-470b-99dd-c5eec2bee9b9/resourceGroups/industrialProjects/providers/Microsoft.Synapse/workspaces/sintechsynapseworkspace/bigDataPools/fintechspark","name":"fintechspark","type":"Spark","endpoint":"https://sintechsynapseworkspace.dev.azuresynapse.net/livyApi/versions/2019-11-01-preview/sparkPools/fintechspark","auth":{"type":"AAD","authResource":"https://dev.azuresynapse.net","authHeader":null},"sparkVersion":"3.4","nodeCount":10,"cores":4,"memory":28,"extraHeader":null},"sessionKeepAliveTimeout":30},"cells":[{"cell_type":"code","metadata":{},"source":["from pyspark.sql.functions import *\n","\n","# Define paths\n","base_path = \"abfss://fintechcontainer@fintechstorageaccount.dfs.core.windows.net/bronze/fintech/\"\n","output_base_path = \"abfss://fintechcontainer@fintechstorageaccount.dfs.core.windows.net/silver/fintech/\"\n","\n","spark.conf.set(\"spark.databricks.delta.schema.autoMerge.enabled\", \"true\")\n","\n","# Transformation for Accounts dataset\n","def transform_accounts():\n","    df = spark.read.parquet(f\"{base_path}Accounts/Accounts.parquet\")\n","    # Example transformation: Calculate account age in years\n","    df_transformed = df.withColumn(\"AccountAgeYears\", \n","                                   round(datediff(current_date(), col(\"OpenDate\")) / 365.25, 2))\n","    df_transformed.write.format(\"delta\").mode(\"overwrite\").save(f\"{output_base_path}Accounts/\")\n","\n","# Transformation for Customers dataset\n","def transform_customers():\n","    df = spark.read.parquet(f\"{base_path}Customers/Customers.parquet\")\n","    # Example transformation: Create a full name column and mask the email address\n","    df_transformed = df.withColumn(\"FullName\", concat_ws(\" \", col(\"FirstName\"), col(\"LastName\"))) \\\n","                       .withColumn(\"MaskedEmail\", \n","                                   concat(lit(\"***@\"), substring_index(col(\"Email\"), \"@\", -1)))\n","    df_transformed.write.format(\"delta\").mode(\"overwrite\").save(f\"{output_base_path}Customers/\")\n","\n","# Transformation for Loans dataset with explicit casting\n","def transform_loans():\n","    df = spark.read.parquet(f\"{base_path}Loans/Loans.parquet\")\n","    # Example transformation: Calculate total interest with explicit casting to match the Delta table\n","    df_transformed = df.withColumn(\"TotalInterest\", \n","                                   (col(\"LoanAmount\") * col(\"InterestRate\") / 100).cast(\"decimal(28,8)\")) \\\n","                       .withColumn(\"LoanDurationYears\", \n","                                   round(datediff(col(\"LoanEndDate\"), col(\"LoanStartDate\")) / 365.25, 2))\n","    df_transformed.write.format(\"delta\").mode(\"overwrite\").save(f\"{output_base_path}Loans/\")\n","\n","# Transformation for Payments dataset\n","def transform_payments():\n","    df = spark.read.parquet(f\"{base_path}Payments/Payments.parquet\")\n","    # Example transformation: Calculate days since last payment\n","    df_transformed = df.withColumn(\"DaysSinceLastPayment\", \n","                                   datediff(current_date(), col(\"PaymentDate\")))\n","    df_transformed.write.format(\"delta\").mode(\"overwrite\").save(f\"{output_base_path}Payments/\")\n","\n","# Transformation for Transactions dataset\n","def transform_transactions():\n","    df = spark.read.parquet(f\"{base_path}Transactions/Transactions.parquet\")\n","    # Example transformation: Categorize transaction types\n","    df_transformed = df.withColumn(\"TransactionCategory\", \n","                                   when(col(\"TransactionType\") == \"Deposit\", \"Income\")\n","                                   .when(col(\"TransactionType\") == \"Withdrawal\", \"Expense\")\n","                                   .otherwise(\"Other\"))\n","    df_transformed.write.format(\"delta\").mode(\"overwrite\").save(f\"{output_base_path}Transactions/\")\n","\n","# Process each table\n","transform_accounts()\n","transform_customers()\n","transform_loans()\n","transform_payments()\n","transform_transactions()\n","\n","print(\"Bronze To Silver Completed !!\")\n",""],"outputs":[],"execution_count":8},{"cell_type":"code","metadata":{"jupyter":{"source_hidden":false,"outputs_hidden":false},"nteract":{"transient":{"deleting":false}}},"source":[""],"outputs":[]}]},"dependsOn":[]},{"name":"[concat(parameters('workspaceName'), '/fintechspark')]","type":"Microsoft.Synapse/workspaces/bigDataPools","apiVersion":"2019-06-01-preview","properties":{"autoPause":{"enabled":true,"delayInMinutes":60},"autoScale":{"enabled":true,"maxNodeCount":10,"minNodeCount":3},"nodeCount":30,"nodeSize":"Small","nodeSizeFamily":"MemoryOptimized","sparkVersion":"3.4","isComputeIsolationEnabled":false,"sessionLevelPackagesEnabled":false,"annotations":[]},"dependsOn":[],"location":"centralus"},{"name":"[concat(parameters('workspaceName'), '/SilverToGoldDataProcess')]","type":"Microsoft.Synapse/workspaces/notebooks","apiVersion":"2019-06-01-preview","properties":{"nbformat":4,"nbformat_minor":2,"bigDataPool":{"referenceName":"fintechspark","type":"BigDataPoolReference"},"sessionProperties":{"driverMemory":"28g","driverCores":4,"executorMemory":"28g","executorCores":4,"numExecutors":2,"runAsWorkspaceSystemIdentity":false,"conf":{"spark.dynamicAllocation.enabled":"false","spark.dynamicAllocation.minExecutors":"2","spark.dynamicAllocation.maxExecutors":"2","spark.autotune.trackingId":"82a89454-c4e1-4f45-a3b3-220c6f61c2c5"}},"metadata":{"saveOutput":true,"enableDebugMode":false,"language_info":{"name":"python"},"a365ComputeOptions":{"id":"/subscriptions/4b624444-eea2-470b-99dd-c5eec2bee9b9/resourceGroups/industrialProjects/providers/Microsoft.Synapse/workspaces/sintechsynapseworkspace/bigDataPools/fintechspark","name":"fintechspark","type":"Spark","endpoint":"https://sintechsynapseworkspace.dev.azuresynapse.net/livyApi/versions/2019-11-01-preview/sparkPools/fintechspark","auth":{"type":"AAD","authResource":"https://dev.azuresynapse.net","authHeader":null},"sparkVersion":"3.4","nodeCount":10,"cores":4,"memory":28,"extraHeader":null},"sessionKeepAliveTimeout":30},"cells":[{"cell_type":"code","metadata":{},"source":["from pyspark.sql.functions import *\n","\n","# Define paths\n","silver_base_path = \"abfss://fintechcontainer@fintechstorageaccount.dfs.core.windows.net/silver/fintech/\"\n","output_base_path = \"abfss://fintechcontainer@fintechstorageaccount.dfs.core.windows.net/gold/fintech/\"\n","\n","# Load data from the silver layer\n","accounts_df = spark.read.format(\"delta\").load(f\"{silver_base_path}Accounts/\")\n","customers_df = spark.read.format(\"delta\").load(f\"{silver_base_path}Customers/\")\n","loans_df = spark.read.format(\"delta\").load(f\"{silver_base_path}Loans/\")\n","payments_df = spark.read.format(\"delta\").load(f\"{silver_base_path}Payments/\")\n","transactions_df = spark.read.format(\"delta\").load(f\"{silver_base_path}Transactions/\")\n","\n","from pyspark.sql.functions import *\n","\n","# Define paths\n","silver_base_path = \"abfss://fintechcontainer@fintechstorageaccount.dfs.core.windows.net/silver/fintech/\"\n","output_base_path = \"abfss://fintechcontainer@fintechstorageaccount.dfs.core.windows.net/gold/fintech/\"\n","\n","# Load data from the silver layer\n","accounts_df = spark.read.format(\"delta\").load(f\"{silver_base_path}Accounts/\")\n","customers_df = spark.read.format(\"delta\").load(f\"{silver_base_path}Customers/\")\n","loans_df = spark.read.format(\"delta\").load(f\"{silver_base_path}Loans/\")\n","payments_df = spark.read.format(\"delta\").load(f\"{silver_base_path}Payments/\")\n","transactions_df = spark.read.format(\"delta\").load(f\"{silver_base_path}Transactions/\")\n","\n","from pyspark.sql.functions import *\n","\n","# Define paths\n","silver_base_path = \"abfss://fintechcontainer@fintechstorageaccount.dfs.core.windows.net/silver/fintech/\"\n","output_base_path = \"abfss://fintechcontainer@fintechstorageaccount.dfs.core.windows.net/gold/fintech/\"\n","\n","# Load data from the silver layer\n","accounts_df = spark.read.format(\"delta\").load(f\"{silver_base_path}Accounts/\")\n","customers_df = spark.read.format(\"delta\").load(f\"{silver_base_path}Customers/\")\n","loans_df = spark.read.format(\"delta\").load(f\"{silver_base_path}Loans/\")\n","payments_df = spark.read.format(\"delta\").load(f\"{silver_base_path}Payments/\")\n","transactions_df = spark.read.format(\"delta\").load(f\"{silver_base_path}Transactions/\")\n","\n","from pyspark.sql.functions import *\n","\n","# Define paths\n","silver_base_path = \"abfss://fintechcontainer@fintechstorageaccount.dfs.core.windows.net/silver/fintech/\"\n","output_base_path = \"abfss://fintechcontainer@fintechstorageaccount.dfs.core.windows.net/gold/fintech/\"\n","\n","# Load data from the silver layer\n","accounts_df = spark.read.format(\"delta\").load(f\"{silver_base_path}Accounts/\")\n","customers_df = spark.read.format(\"delta\").load(f\"{silver_base_path}Customers/\")\n","loans_df = spark.read.format(\"delta\").load(f\"{silver_base_path}Loans/\")\n","payments_df = spark.read.format(\"delta\").load(f\"{silver_base_path}Payments/\")\n","transactions_df = spark.read.format(\"delta\").load(f\"{silver_base_path}Transactions/\")\n","\n","from pyspark.sql.functions import *\n","\n","# Define paths\n","silver_base_path = \"abfss://fintechcontainer@fintechstorageaccount.dfs.core.windows.net/silver/fintech/\"\n","output_base_path = \"abfss://fintechcontainer@fintechstorageaccount.dfs.core.windows.net/gold/fintech/\"\n","\n","# Load data from the silver layer\n","accounts_df = spark.read.format(\"delta\").load(f\"{silver_base_path}Accounts/\")\n","customers_df = spark.read.format(\"delta\").load(f\"{silver_base_path}Customers/\")\n","loans_df = spark.read.format(\"delta\").load(f\"{silver_base_path}Loans/\")\n","payments_df = spark.read.format(\"delta\").load(f\"{silver_base_path}Payments/\")\n","transactions_df = spark.read.format(\"delta\").load(f\"{silver_base_path}Transactions/\")\n","\n","from pyspark.sql.functions import *\n","\n","# Define paths\n","silver_base_path = \"abfss://fintechcontainer@fintechstorageaccount.dfs.core.windows.net/silver/fintech/\"\n","output_base_path = \"abfss://fintechcontainer@fintechstorageaccount.dfs.core.windows.net/gold/fintech/\"\n","\n","# Load data from the silver layer\n","accounts_df = spark.read.format(\"delta\").load(f\"{silver_base_path}Accounts/\")\n","customers_df = spark.read.format(\"delta\").load(f\"{silver_base_path}Customers/\")\n","loans_df = spark.read.format(\"delta\").load(f\"{silver_base_path}Loans/\")\n","payments_df = spark.read.format(\"delta\").load(f\"{silver_base_path}Payments/\")\n","transactions_df = spark.read.format(\"delta\").load(f\"{silver_base_path}Transactions/\")\n","\n","from pyspark.sql.functions import *\n","\n","# Define paths\n","silver_base_path = \"abfss://fintechcontainer@fintechstorageaccount.dfs.core.windows.net/silver/fintech/\"\n","output_base_path = \"abfss://fintechcontainer@fintechstorageaccount.dfs.core.windows.net/gold/fintech/\"\n","\n","# Load data from the silver layer\n","accounts_df = spark.read.format(\"delta\").load(f\"{silver_base_path}Accounts/\")\n","customers_df = spark.read.format(\"delta\").load(f\"{silver_base_path}Customers/\")\n","loans_df = spark.read.format(\"delta\").load(f\"{silver_base_path}Loans/\")\n","payments_df = spark.read.format(\"delta\").load(f\"{silver_base_path}Payments/\")\n","transactions_df = spark.read.format(\"delta\").load(f\"{silver_base_path}Transactions/\")\n","\n","from pyspark.sql.functions import *\n","\n","# Define paths\n","silver_base_path = \"abfss://fintechcontainer@fintechstorageaccount.dfs.core.windows.net/silver/fintech/\"\n","output_base_path = \"abfss://fintechcontainer@fintechstorageaccount.dfs.core.windows.net/gold/fintech/\"\n","\n","# Load data from the silver layer\n","accounts_df = spark.read.format(\"delta\").load(f\"{silver_base_path}Accounts/\")\n","customers_df = spark.read.format(\"delta\").load(f\"{silver_base_path}Customers/\")\n","loans_df = spark.read.format(\"delta\").load(f\"{silver_base_path}Loans/\")\n","payments_df = spark.read.format(\"delta\").load(f\"{silver_base_path}Payments/\")\n","transactions_df = spark.read.format(\"delta\").load(f\"{silver_base_path}Transactions/\")\n","\n","from pyspark.sql.functions import *\n","\n","# Define paths\n","silver_base_path = \"abfss://fintechcontainer@fintechstorageaccount.dfs.core.windows.net/silver/fintech/\"\n","output_base_path = \"abfss://fintechcontainer@fintechstorageaccount.dfs.core.windows.net/gold/fintech/\"\n","\n","# Load data from the silver layer\n","accounts_df = spark.read.format(\"delta\").load(f\"{silver_base_path}Accounts/\")\n","customers_df = spark.read.format(\"delta\").load(f\"{silver_base_path}Customers/\")\n","loans_df = spark.read.format(\"delta\").load(f\"{silver_base_path}Loans/\")\n","payments_df = spark.read.format(\"delta\").load(f\"{silver_base_path}Payments/\")\n","transactions_df = spark.read.format(\"delta\").load(f\"{silver_base_path}Transactions/\")\n","\n","from pyspark.sql.functions import *\n","\n","# Define paths\n","silver_base_path = \"abfss://fintechcontainer@fintechstorageaccount.dfs.core.windows.net/silver/fintech/\"\n","output_base_path = \"abfss://fintechcontainer@fintechstorageaccount.dfs.core.windows.net/gold/fintech/\"\n","\n","# Load data from the silver layer\n","accounts_df = spark.read.format(\"delta\").load(f\"{silver_base_path}Accounts/\")\n","customers_df = spark.read.format(\"delta\").load(f\"{silver_base_path}Customers/\")\n","loans_df = spark.read.format(\"delta\").load(f\"{silver_base_path}Loans/\")\n","payments_df = spark.read.format(\"delta\").load(f\"{silver_base_path}Payments/\")\n","transactions_df = spark.read.format(\"delta\").load(f\"{silver_base_path}Transactions/\")\n","\n","from pyspark.sql.functions import *\n","\n","# Define paths\n","silver_base_path = \"abfss://fintechcontainer@fintechstorageaccount.dfs.core.windows.net/silver/fintech/\"\n","output_base_path = \"abfss://fintechcontainer@fintechstorageaccount.dfs.core.windows.net/gold/fintech/\"\n","\n","# Load data from the silver layer\n","accounts_df = spark.read.format(\"delta\").load(f\"{silver_base_path}Accounts/\")\n","customers_df = spark.read.format(\"delta\").load(f\"{silver_base_path}Customers/\")\n","loans_df = spark.read.format(\"delta\").load(f\"{silver_base_path}Loans/\")\n","payments_df = spark.read.format(\"delta\").load(f\"{silver_base_path}Payments/\")\n","transactions_df = spark.read.format(\"delta\").load(f\"{silver_base_path}Transactions/\")\n","\n","from pyspark.sql.functions import *\n","\n","# Define paths\n","silver_base_path = \"abfss://fintechcontainer@fintechstorageaccount.dfs.core.windows.net/silver/fintech/\"\n","output_base_path = \"abfss://fintechcontainer@fintechstorageaccount.dfs.core.windows.net/gold/fintech/\"\n","\n","# Load data from the silver layer\n","accounts_df = spark.read.format(\"delta\").load(f\"{silver_base_path}Accounts/\")\n","customers_df = spark.read.format(\"delta\").load(f\"{silver_base_path}Customers/\")\n","loans_df = spark.read.format(\"delta\").load(f\"{silver_base_path}Loans/\")\n","payments_df = spark.read.format(\"delta\").load(f\"{silver_base_path}Payments/\")\n","transactions_df = spark.read.format(\"delta\").load(f\"{silver_base_path}Transactions/\")\n","\n",""],"outputs":[],"execution_count":7},{"cell_type":"code","metadata":{},"source":["from pyspark.sql.functions import *\n","\n","# Define paths\n","silver_base_path = \"abfss://fintechcontainer@fintechstorageaccount.dfs.core.windows.net/silver/fintech/\"\n","output_base_path = \"abfss://fintechcontainer@fintechstorageaccount.dfs.core.windows.net/gold/fintech/\"\n","\n","# Load data from the silver layer\n","accounts_df = spark.read.format(\"delta\").load(f\"{silver_base_path}Accounts/\")\n","customers_df = spark.read.format(\"delta\").load(f\"{silver_base_path}Customers/\")\n","loans_df = spark.read.format(\"delta\").load(f\"{silver_base_path}Loans/\")\n","payments_df = spark.read.format(\"delta\").load(f\"{silver_base_path}Payments/\")\n","transactions_df = spark.read.format(\"delta\").load(f\"{silver_base_path}Transactions/\")\n","\n",""],"outputs":[],"execution_count":1},{"cell_type":"code","metadata":{"jupyter":{"outputs_hidden":false,"source_hidden":false},"nteract":{"transient":{"deleting":false}}},"source":["dim_customers_df = customers_df.select(\n","    col(\"CustomerID\").alias(\"customer_id\"),\n","    col(\"FirstName\").alias(\"first_name\"),\n","    col(\"LastName\").alias(\"last_name\"),\n","    col(\"Email\").alias(\"email\"),\n","    col(\"PhoneNumber\").alias(\"phone_number\"),\n","    col(\"Address\").alias(\"address\"),\n","    col(\"City\").alias(\"city\"),\n","    col(\"State\").alias(\"state\"),\n","    col(\"Country\").alias(\"country\"),\n","    col(\"ZipCode\").alias(\"zip_code\"),\n","    col(\"SignupDate\").alias(\"signup_date\")\n",")\n","\n","dim_customers_df.write.format(\"delta\").mode(\"overwrite\").save(f\"{output_base_path}dim_customers/\")\n",""],"outputs":[],"execution_count":8},{"cell_type":"code","metadata":{"jupyter":{"outputs_hidden":false,"source_hidden":false},"nteract":{"transient":{"deleting":false}}},"source":["dim_accounts_df = accounts_df.select(\n","    col(\"AccountID\").alias(\"account_id\"),\n","    col(\"AccountType\").alias(\"account_type\"),\n","    col(\"Balance\").alias(\"balance\"),\n","    col(\"OpenDate\").alias(\"open_date\"),\n","    col(\"AccountAgeYears\").alias(\"account_age_years\")\n",")\n","\n","dim_accounts_df.write.format(\"delta\").mode(\"overwrite\").save(f\"{output_base_path}dim_accounts/\")\n",""],"outputs":[],"execution_count":9},{"cell_type":"code","metadata":{"jupyter":{"outputs_hidden":false,"source_hidden":false},"nteract":{"transient":{"deleting":false}}},"source":["dim_loans_df = loans_df.select(\n","    col(\"LoanID\").alias(\"loan_id\"),\n","    col(\"LoanType\").alias(\"loan_type\"),\n","    col(\"LoanAmount\").alias(\"loan_amount\"),\n","    col(\"InterestRate\").alias(\"interest_rate\"),\n","    col(\"LoanStartDate\").alias(\"loan_start_date\"),\n","    col(\"LoanEndDate\").alias(\"loan_end_date\"),\n","    col(\"TotalInterest\").alias(\"total_interest\"),\n","    col(\"LoanDurationYears\").alias(\"loan_duration_years\")\n",")\n","\n","dim_loans_df.write.format(\"delta\").mode(\"overwrite\").save(f\"{output_base_path}dim_loans/\")\n",""],"outputs":[],"execution_count":10},{"cell_type":"code","metadata":{"jupyter":{"outputs_hidden":false,"source_hidden":false},"nteract":{"transient":{"deleting":false}}},"source":["fact_payments_df = payments_df \\\n","    .join(loans_df.select(\"LoanID\", \"CustomerID\"), \"LoanID\") \\\n","    .select(\n","        col(\"PaymentID\").alias(\"payment_id\"),\n","        col(\"LoanID\").alias(\"loan_id\"),\n","        col(\"CustomerID\").alias(\"customer_id\"),\n","        col(\"PaymentDate\").alias(\"payment_date\"),\n","        col(\"PaymentAmount\").alias(\"payment_amount\"),\n","        col(\"PaymentMethod\").alias(\"payment_method\")\n","    )\n","\n","fact_payments_df.write.format(\"delta\").mode(\"overwrite\").save(f\"{output_base_path}fact_payments/\")\n",""],"outputs":[],"execution_count":11},{"cell_type":"code","metadata":{"jupyter":{"outputs_hidden":false,"source_hidden":false},"nteract":{"transient":{"deleting":false}}},"source":["fact_transactions_df = transactions_df \\\n","    .join(accounts_df.select(\"AccountID\", \"CustomerID\"), \"AccountID\") \\\n","    .select(\n","        col(\"TransactionID\").alias(\"transaction_id\"),\n","        col(\"AccountID\").alias(\"account_id\"),\n","        col(\"CustomerID\").alias(\"customer_id\"),\n","        col(\"TransactionDate\").alias(\"transaction_date\"),\n","        col(\"Amount\").alias(\"amount\"),\n","        col(\"TransactionType\").alias(\"transaction_type\"),\n","        col(\"Description\").alias(\"description\")\n","    )\n","\n","fact_transactions_df.write.format(\"delta\").mode(\"overwrite\").save(f\"{output_base_path}fact_transactions/\")\n",""],"outputs":[],"execution_count":12}]},"dependsOn":[]},{"name":"[concat(parameters('workspaceName'), '/fintechdatalakedataset')]","type":"Microsoft.Synapse/workspaces/datasets","apiVersion":"2019-06-01-preview","properties":{"linkedServiceName":{"referenceName":"[parameters('fintechDataLakeStorage1')]","type":"LinkedServiceReference"},"parameters":{"tablename":{"type":"string"},"schemaname":{"type":"string"}},"annotations":[],"type":"Parquet","typeProperties":{"location":{"type":"AzureBlobFSLocation","fileName":{"value":"@{concat(dataset().tablename,'.parquet')}","type":"Expression"},"folderPath":{"value":"@{concat('fintechcontainer/bronze/',dataset().schemaname,'/',dataset().tablename)}","type":"Expression"}},"compressionCodec":"snappy"},"schema":[]},"dependsOn":[]}]}